purchase_month,orders,late_orders,on_time_pct,avg_review,on_time_pct_3m_avg
2017-01,750,22,97.07,4.198,97.07
2017-02,1653,49,97.04,4.203,97.06
2017-03,2546,116,95.44,4.187,96.52
2017-04,2303,151,93.44,4.135,95.31
2017-05,3545,106,97.01,4.236,95.3
2017-06,3135,95,96.97,4.223,95.81
2017-07,3872,108,97.21,4.26,97.06
2017-08,4193,122,97.09,4.313,97.09
2017-09,4150,182,95.61,4.268,96.64
2017-10,4478,187,95.82,4.205,96.17
2017-11,7288,904,87.6,3.989,93.01
2017-12,5513,411,92.54,4.088,91.99
2018-01,7069,403,94.3,4.109,91.48
2018-02,6555,926,85.87,3.881,90.9
2018-03,7003,1328,81.04,3.813,87.07
2018-04,6798,306,95.5,4.206,87.47
2018-05,6749,443,93.44,4.236,89.99
2018-06,6096,71,98.84,4.307,95.93
2018-07,6156,208,96.62,4.317,96.3
2018-08,6351,393,93.81,4.31,96.42
