state_code,orders,late_orders,late_rate_pct,avg_review,avg_promised_days,avg_actual_days,avg_days_late_when_late,state_name
AL,396,85,21.46,3.85,33.12,24.48,9.54,Alagoas
AM,145,4,2.76,4.24,45.92,26.36,30.25,Amazonas
BA,3253,396,12.17,3.93,30.04,19.28,12.02,Bahia
CE,1273,176,13.83,3.94,31.8,21.17,15.18,Ceará
DF,2074,118,5.69,4.13,24.85,12.87,7.42,Distrito Federal
ES,1992,214,10.74,4.08,26.16,15.71,11.3,Espírito Santo
GO,1950,128,6.56,4.1,27.6,15.54,11.37,Goiás
MA,713,125,17.53,3.83,30.89,21.47,10.5,Maranhão
MG,11319,519,4.59,4.19,25.09,11.92,8.4,Minas Gerais
MS,701,68,9.7,4.16,26.6,15.54,8.34,Mato Grosso do Sul
MT,885,53,5.99,4.14,32.33,18.02,10.64,Mato Grosso
PA,942,106,11.25,3.91,37.67,23.71,12.82,Pará
PB,516,54,10.47,4.07,33.59,20.36,10.33,Paraíba
PE,1587,153,9.64,4.08,31.56,18.4,11.97,Pernambuco
PI,475,66,13.89,3.99,30.63,19.38,13.35,Piauí
PR,4903,199,4.06,4.24,25.14,11.92,8.32,Paraná
RJ,12310,1495,12.14,3.97,26.91,15.22,13.52,Rio de Janeiro
RN,470,44,9.36,4.14,32.6,19.16,14.48,Rio Grande do Norte
RO,243,7,2.88,4.17,39.39,19.28,5.57,Rondônia
RS,5327,325,6.1,4.19,29.07,15.24,10.24,Rio Grande do Sul
SC,3537,291,8.23,4.13,26.33,14.89,8.31,Santa Catarina
SE,332,51,15.36,3.9,31.23,21.38,16.2,Sergipe
SP,40399,1817,4.5,4.25,19.7,8.68,8.32,São Paulo
TO,274,27,9.85,4.15,29.73,17.6,6.52,Tocantins
