category,orders,late_rate_pct,avg_review
audio,342,11.99,3.84
auto,3784,7.35,4.15
baby,2754,8.21,4.12
bed_bath_table,9162,7.52,4.01
books_general_interest,492,6.5,4.54
computers_accessories,6488,6.41,4.08
consoles_games,1007,6.16,4.18
construction_tools_construction,728,7.42,4.13
cool_stuff,3523,5.93,4.23
electronics,2506,7.66,4.13
fashion_bags_accessories,1802,5.6,4.24
food,434,7.14,4.32
furniture_decor,6166,7.23,4.07
furniture_living_room,409,7.58,4.09
garden_tools,3409,6.6,4.19
health_beauty,8571,7.55,4.24
home_appliances,747,4.42,4.21
home_confort,370,9.46,3.91
home_construction,466,6.22,4.05
housewares,5679,5.41,4.2
luggage_accessories,1008,4.27,4.38
musical_instruments,607,7.58,4.25
office_furniture,1240,8.15,3.66
perfumery,3047,6.63,4.26
pet_shop,1678,5.13,4.28
small_appliances,606,4.79,4.26
sports_leisure,7473,6.62,4.23
stationery,2247,6.59,4.31
telephony,4069,7.15,4.06
toys,3756,6.42,4.24
unknown,1376,7.12,4.02
watches_gifts,5466,7.43,4.13
