primary_seller_id,primary_seller_state,orders,late_orders,late_rate_pct,avg_review,rank_in_state
75d34ebb1bd0bd7dde40dd507b8169c3,BA,57,7,12.28,3.93,1
53243585a1d6dc2643021fd1853d8905,BA,348,12,3.45,4.19,2
a3dd39f583bc80bd8c5901c95878921e,BA,34,1,2.94,4.59,3
e38db885400cd35c71dfd162f2c1dbcf,DF,30,3,10.0,4.47,1
432c37c9dfba871172ec162e20118b8c,DF,44,4,9.09,4.25,2
bd0389da23d89b726abf911cccc54596,DF,87,6,6.9,4.17,3
001cca7ae9ae17fb1caed9dfb1094831,ES,194,12,6.19,4.08,1
75fbb52eda0cbc24f479d3b2fbfa8d3e,GO,38,2,5.26,4.45,1
750303a20e9c56b2a6bc45cdce0b897d,GO,53,2,3.77,4.3,2
376a891762bbdecbc02b4b6adec3fdda,GO,57,2,3.51,4.67,3
06a2c3af7b3aee5d69171b0e14f0ee87,MA,388,74,19.07,4.02,1
2a1348e9addc1af5aaa619b1a3679d6b,MG,48,13,27.08,3.17,1
05f51e13da97139648b8125c31e5f51b,MG,57,9,15.79,4.23,2
50c9975695009e5e6473912e83a6d1da,MG,50,7,14.0,3.94,3
99002261c568a84cce14d43fcffb43ea,MT,36,2,5.56,3.72,1
abcd2cb37d46c2c8fb1bf071c859fc5b,MT,42,2,4.76,4.38,2
2dee2ce60de9709b1a24083217181a1f,MT,54,1,1.85,4.43,3
de722cd6dad950a92b7d4f82673f8833,PE,337,12,3.56,4.3,1
e49c26c3edfa46d227d5121a6b6e4d37,PE,34,0,0.0,4.56,2
54965bbe3e4f07ae045b90b0b8541f52,PR,72,22,30.56,3.18,1
88460e8ebdecbfecb5f9601833981930,PR,238,42,17.65,3.44,2
0b35c634521043bf4b47e21547b99ab5,PR,49,8,16.33,3.42,3
3c03b12bab54d8b37d79d914bfdb1aa0,RJ,36,6,16.67,3.8,1
abe42c5d03695b4257b5c6cbf4e6784e,RJ,49,8,16.33,3.96,2
8b9d6eec4a7eb7d0f9d579ce0b38324d,RJ,47,7,14.89,4.11,3
dc317f341ab0e22f39acbd9dbf9b4a1f,RS,55,3,5.45,4.15,1
b32be1695eb7ec5f10f72d9610a12527,RS,44,2,4.55,4.14,2
94144541854e298c2d976cb893b81343,RS,68,3,4.41,4.25,3
ef990a83bbea832f36ebe81376335aa8,SC,42,9,21.43,3.69,1
712e6ed8aa4aa1fa65dab41fed5737e4,SC,77,16,20.78,3.39,2
972d0f9cf61b499a4812cf0bfa3ad3c4,SC,76,9,11.84,3.11,3
ad781527c93d00d89a11eecd9dcad7c1,SP,35,12,34.29,3.43,1
ede0c03645598cdfc63ca8237acbe73d,SP,43,14,32.56,3.57,2
835f0f7810c76831d6c7d24c7a646d4d,SP,41,11,26.83,3.41,3
